{"cameraMode":{"drawMode":0,"name":"Shaded","section":"Shading Mode"},"sceneLighting":false,"audioPlay":false,"sceneViewState":{"showFog":true,"showMaterialUpdate":false,"showSkybox":true,"showFlares":true,"showImageEffects":true,"showParticleSystems":true},"in2DMode":false,"pivot":{"x":6.073333740234375,"y":0.0,"z":9.066671371459961},"rotation":{"x":-0.16155149042606355,"y":0.02486083097755909,"z":-0.0040716929361224178,"w":-0.9865427613258362},"size":2.8578836917877199,"orthographic":false}