{"cameraMode":{"drawMode":0,"name":"Shaded","section":"Shading Mode"},"sceneLighting":true,"audioPlay":false,"sceneViewState":{"showFog":true,"showMaterialUpdate":false,"showSkybox":true,"showFlares":true,"showImageEffects":true,"showParticleSystems":true},"in2DMode":false,"pivot":{"x":-0.05084025487303734,"y":2.220395565032959,"z":93.27300262451172},"rotation":{"x":-0.41895222663879397,"y":-0.00899440236389637,"z":0.004149158950895071,"w":-0.9079543352127075},"size":7.014244079589844,"orthographic":false}