{"cameraMode":{"drawMode":0,"name":"Shaded","section":"Shading Mode"},"sceneLighting":true,"audioPlay":false,"sceneViewState":{"showFog":true,"showMaterialUpdate":false,"showSkybox":true,"showFlares":true,"showImageEffects":true,"showParticleSystems":true},"in2DMode":false,"pivot":{"x":493.4012451171875,"y":228.34988403320313,"z":-0.57904052734375},"rotation":{"x":-0.1021307036280632,"y":0.005070019513368607,"z":-0.0005210026865825057,"w":-0.9947579503059387},"size":669.2532958984375,"orthographic":false}