{"cameraMode":{"drawMode":0,"name":"Shaded","section":"Shading Mode"},"sceneLighting":true,"audioPlay":false,"sceneViewState":{"showFog":true,"showMaterialUpdate":false,"showSkybox":true,"showFlares":true,"showImageEffects":true,"showParticleSystems":true},"in2DMode":false,"pivot":{"x":1.0446548461914063,"y":0.6960544586181641,"z":4.331840515136719},"rotation":{"x":-0.38697120547294619,"y":0.043402791023254397,"z":-0.018238991498947145,"w":-0.920889139175415},"size":22.964134216308595,"orthographic":false}