{"cameraMode":{"drawMode":0,"name":"Shaded","section":"Shading Mode"},"sceneLighting":true,"audioPlay":false,"sceneViewState":{"showFog":true,"showMaterialUpdate":false,"showSkybox":true,"showFlares":true,"showImageEffects":true,"showParticleSystems":true},"in2DMode":false,"pivot":{"x":9.194096565246582,"y":5.810773849487305,"z":42.90669250488281},"rotation":{"x":-0.11560892313718796,"y":0.15488585829734803,"z":-0.018253570422530175,"w":-0.9809749126434326},"size":27.52165985107422,"orthographic":false}