{"cameraMode":{"drawMode":0,"name":"Shaded","section":"Shading Mode"},"sceneLighting":true,"audioPlay":false,"sceneViewState":{"showFog":true,"showMaterialUpdate":false,"showSkybox":true,"showFlares":true,"showImageEffects":true,"showParticleSystems":true},"in2DMode":false,"pivot":{"x":642.5338134765625,"y":272.60211181640627,"z":123.5093002319336},"rotation":{"x":-0.15977562963962556,"y":-0.0645126923918724,"z":0.010464693419635296,"w":-0.9849875569343567},"size":791.0457763671875,"orthographic":false}