{"cameraMode":{"drawMode":0,"name":"Shaded","section":"Shading Mode"},"sceneLighting":true,"audioPlay":false,"sceneViewState":{"showFog":true,"showMaterialUpdate":false,"showSkybox":true,"showFlares":true,"showImageEffects":true,"showParticleSystems":true},"in2DMode":false,"pivot":{"x":-4.556343078613281,"y":-36.313514709472659,"z":68.99223327636719},"rotation":{"x":-0.29334983229637148,"y":0.10811140388250351,"z":-0.03340878710150719,"w":-0.9492849111557007},"size":103.9476089477539,"orthographic":false}