{"cameraMode":{"drawMode":0,"name":"Shaded","section":"Shading Mode"},"sceneLighting":true,"audioPlay":false,"sceneViewState":{"showFog":true,"showMaterialUpdate":false,"showSkybox":true,"showFlares":true,"showImageEffects":true,"showParticleSystems":true},"in2DMode":false,"pivot":{"x":-3.6380553245544435,"y":-10.218328475952149,"z":23.930404663085939},"rotation":{"x":-0.385328084230423,"y":0.11251706629991532,"z":-0.04740078002214432,"w":-0.9146668314933777},"size":40.8813591003418,"orthographic":false}