{"cameraMode":{"drawMode":0,"name":"Shaded","section":"Shading Mode"},"sceneLighting":true,"audioPlay":false,"sceneViewState":{"showFog":true,"showMaterialUpdate":false,"showSkybox":true,"showFlares":true,"showImageEffects":true,"showParticleSystems":true},"in2DMode":false,"pivot":{"x":-4.172325134277344e-7,"y":1.345937967300415,"z":0.0},"rotation":{"x":-0.20217950642108918,"y":0.03436460345983505,"z":-0.007098949979990721,"w":-0.9787196516990662},"size":4.34109354019165,"orthographic":false}